{
  "ADD Booking" : {
    "transaction" : "ADD Booking",
    "sampleCount" : 1,
    "errorCount" : 0,
    "errorPct" : 0.0,
    "meanResTime" : 1204.0,
    "medianResTime" : 1204.0,
    "minResTime" : 1204.0,
    "maxResTime" : 1204.0,
    "pct1ResTime" : 1204.0,
    "pct2ResTime" : 1204.0,
    "pct3ResTime" : 1204.0,
    "throughput" : 0.8305647840531561,
    "receivedKBytesPerSec" : 0.7664880087209303,
    "sentKBytesPerSec" : 0.3771607661960133
  },
  "Delete_Booking" : {
    "transaction" : "Delete_Booking",
    "sampleCount" : 1,
    "errorCount" : 0,
    "errorPct" : 0.0,
    "meanResTime" : 326.0,
    "medianResTime" : 326.0,
    "minResTime" : 326.0,
    "maxResTime" : 326.0,
    "pct1ResTime" : 326.0,
    "pct2ResTime" : 326.0,
    "pct3ResTime" : 326.0,
    "throughput" : 3.067484662576687,
    "receivedKBytesPerSec" : 2.2377060966257667,
    "sentKBytesPerSec" : 0.745902032208589
  },
  "Total" : {
    "transaction" : "Total",
    "sampleCount" : 9,
    "errorCount" : 0,
    "errorPct" : 0.0,
    "meanResTime" : 971.0,
    "medianResTime" : 1053.0,
    "minResTime" : 326.0,
    "maxResTime" : 2395.0,
    "pct1ResTime" : 2395.0,
    "pct2ResTime" : 2395.0,
    "pct3ResTime" : 2395.0,
    "throughput" : 1.0168342560162693,
    "receivedKBytesPerSec" : 2.72159837165292,
    "sentKBytesPerSec" : 0.27119993503558915
  },
  "Auth" : {
    "transaction" : "Auth",
    "sampleCount" : 1,
    "errorCount" : 0,
    "errorPct" : 0.0,
    "meanResTime" : 2395.0,
    "medianResTime" : 2395.0,
    "minResTime" : 2395.0,
    "maxResTime" : 2395.0,
    "pct1ResTime" : 2395.0,
    "pct2ResTime" : 2395.0,
    "pct3ResTime" : 2395.0,
    "throughput" : 0.41753653444676414,
    "receivedKBytesPerSec" : 0.31559890396659707,
    "sentKBytesPerSec" : 0.10193763048016702
  },
  "Get Booking with ID" : {
    "transaction" : "Get Booking with ID",
    "sampleCount" : 3,
    "errorCount" : 0,
    "errorPct" : 0.0,
    "meanResTime" : 574.3333333333334,
    "medianResTime" : 335.0,
    "minResTime" : 333.0,
    "maxResTime" : 1055.0,
    "pct1ResTime" : 1055.0,
    "pct2ResTime" : 1055.0,
    "pct3ResTime" : 1055.0,
    "throughput" : 0.8957897879964168,
    "receivedKBytesPerSec" : 0.7981043781725888,
    "sentKBytesPerSec" : 0.14696551209316214
  },
  "Get Booking" : {
    "transaction" : "Get Booking",
    "sampleCount" : 1,
    "errorCount" : 0,
    "errorPct" : 0.0,
    "meanResTime" : 1468.0,
    "medianResTime" : 1468.0,
    "minResTime" : 1468.0,
    "maxResTime" : 1468.0,
    "pct1ResTime" : 1468.0,
    "pct2ResTime" : 1468.0,
    "pct3ResTime" : 1468.0,
    "throughput" : 0.6811989100817438,
    "receivedKBytesPerSec" : 11.734050366144414,
    "sentKBytesPerSec" : 0.09113696355585832
  },
  "Partial_Update_Booking " : {
    "transaction" : "Partial_Update_Booking ",
    "sampleCount" : 1,
    "errorCount" : 0,
    "errorPct" : 0.0,
    "meanResTime" : 1053.0,
    "medianResTime" : 1053.0,
    "minResTime" : 1053.0,
    "maxResTime" : 1053.0,
    "pct1ResTime" : 1053.0,
    "pct2ResTime" : 1053.0,
    "pct3ResTime" : 1053.0,
    "throughput" : 0.9496676163342831,
    "receivedKBytesPerSec" : 0.850434769705603,
    "sentKBytesPerSec" : 0.31068227682811017
  },
  "Update_Booking" : {
    "transaction" : "Update_Booking",
    "sampleCount" : 1,
    "errorCount" : 0,
    "errorPct" : 0.0,
    "meanResTime" : 570.0,
    "medianResTime" : 570.0,
    "minResTime" : 570.0,
    "maxResTime" : 570.0,
    "pct1ResTime" : 570.0,
    "pct2ResTime" : 570.0,
    "pct3ResTime" : 570.0,
    "throughput" : 1.7543859649122808,
    "receivedKBytesPerSec" : 1.5556469298245614,
    "sentKBytesPerSec" : 0.8874725877192983
  }
}